{
	"version": "1.0.0",
	"title": "Nulite",
	"description": "A clean and minimal Micro.blog theme focused on content and readability with light/dark mode support.",
	"fields": [
		{
		  "field": "params.fediverse_creator",
		  "label": "Fediverse creator",
		  "type": "text",
		  "placeholder": "@username@mastodon.instance"
		},
		{
		  "field": "params.home_category",
		  "label": "Home page categories",
		  "type": "text",
		  "placeholder": "Home page categories. Leave blank for all posts."
		},
		{
		  "field": "params.show_full_post",
		  "label": "Show full posts on homepage",
		  "type": "boolean"
		},
		{
		  "field": "params.photos_category",
		  "label": "Photos category",
		  "type": "text",
		  "placeholder": "Set a single photo category. Leave blank for all images."
		},
		{
		  "field": "params.masonry_layout",
		  "label": "Use photos masonry layout",
		  "type": "boolean"
		},
		{
		  "field": "params.full_width_photos",
		  "label": "Show wider photos page",
		  "type": "boolean"
		},
		{
		  "field": "params.show_categories",
		  "label": "Show categories on archives page",
		  "type": "boolean"
		},
		{
		  "field": "params.hide_credit",
		  "label": "Hide footer credits",
		  "type": "boolean"
		},
		{
		  "field": "params.include_conversation",
		  "label": "Include conversation at the bottom of posts",
		  "type": "boolean"
		}
	]
} 